"gin","category"
"Brookers","Secchi"
"Sane","Secchi"
"Portobello","Secchi"
"?","Secchi"
"5 continents","Secchi"
"Garden(ex tiger)","Secchi"
"Hayman's","Secchi"
"Arte","Secchi"
"Lafferty's","Secchi"
"Bertha's revenge","Secchi"
"Mayfair al the","Secchi"
"Merchant's choice","Secchi"
"Windspiel","Secchi"
"Brooklyn","Secchi"
"The duke","Secchi"
"Colonel's fox","Secchi"
"Helsinki","Secchi"
"Mayfair","Secchi"
"Imperiale","Secchi"
"Pilz","Secchi"
"Broken bones","Secchi"
"Old ray","Secchi"
"Los apostoles","Secchi"
"Tokiiro Niigata","Secchi"
"Solis","Secchi"
"Piero navy","Secchi"
"Seri pervas","Secchi"
"Echlinville","Secchi"
"Boodles","Secchi"
"Emporia","Secchi"
"Peter in Florence navy","Secchi"
"Blackwood","Secchi"
"Hayman's navy","Secchi"
"Broken bones navy","Secchi"
"Silent pool coronation expression","Secchi"
"Beefeater London garden","Secchi"
"Hernò","Secchi"
"8025","Secchi"
"Filier's","Secchi"
"Batub","Secchi"
"Mayfair 6 pm","Secchi"
"Martin miller","Secchi"
"Melifera","Secchi"
"Whitney neill","Secchi"
"Elephant dry","Secchi"
"Peter in Florence","Secchi"
"Fifty-pounds","Secchi"
"Aviation","Secchi"
"Haswel","Secchi"
"Major dry","Secchi"
"Gadan","Secchi"
"Gin Puro","Secchi"
"Deer","Secchi"
"Geometrie","Secchi"
"Harahorn","Secchi"
"Vitae","Secchi"
"Macaja","Secchi"
"Nikka","Secchi"
"Macaja navy","Secchi"
"Deer sedano","Secchi"
"Le Gin","Secchi"
"Plymouth navy","Secchi"
"Ramsbury","Secchi"
"Sip Smith","Secchi"
"Mg","Secchi"
"Z44","Secchi"
"Napu","Secchi"
"Elg numero 3","Secchi"
"Melagorai","Secchi"
"Hokinawa","Secchi"
"Tanqueray ovage","Secchi"
"Solo wild gin","Secchi"
"Pink gin","Secchi"
"Gin Trevisi","Secchi"
"Rivo","Secchi"
"Plymouth","Secchi"
"Gias","Secchi"
"Richmond","Secchi"
"Elephant navy","Secchi"
"Gin pin","Secchi"
"Silverback","Secchi"
"1870","Secchi"
"Highclere castle","Secchi"
"Sakurao","Secchi"
"Ginepraio navy","Secchi"
"Gias navy","Secchi"
"Trevisi","Secchi"
"Nevaio","Secchi"
"Alpin gin","Secchi"
"Oxley","Secchi"
"Roku","Morbidi"
"Gín (magiantosa)","Morbidi"
"Bosque","Morbidi"
"Vento","Morbidi"
"Upperhand","Morbidi"
"Primo","Morbidi"
"Alkkemist","Morbidi"
"Gunpowder","Morbidi"
"Silent pool rose expression","Morbidi"
"Lind & lime","Morbidi"
"Seven oaks","Morbidi"
"Zenzero","Morbidi"
"Lunar","Morbidi"
"J.rose","Morbidi"
"Crocodile","Morbidi"
"Fabbri","Morbidi"
"Gin de poe","Morbidi"
"Gastro gin","Morbidi"
"Clementine","Morbidi"
"Nectunia","Morbidi"
"Old school","Morbidi"
"Gin pepe","Morbidi"
"Silent pool rare citrus","Morbidi"
"Hendricks Midsummer","Morbidi"
"Bloom","Morbidi"
"Oslo","Morbidi"
"Gold999","Morbidi"
"Nordest","Morbidi"
"Hendricks Flora","Morbidi"
"Brockmans","Morbidi"
"Whitley oriental spices","Morbidi"
"Sir edmound","Morbidi"
"Fred Jerbis 43","Morbidi"
"Gin Sul","Morbidi"
"Bareksten","Morbidi"
"Whitney Neill lemongrass e zenzero","Morbidi"
"Macaronesian","Morbidi"
"Copperhead","Morbidi"
"Freitag","Morbidi"
"Puerto","Morbidi"
"Major","Morbidi"
"District montenapoleone","Morbidi"
"Mahon","Morbidi"
"Copperhead (nero)","Morbidi"
"Engine","Morbidi"
"Ambrosia","Morbidi"
"Bombey sunset","Morbidi"
"Tribute","Morbidi"
"Adamus","Morbidi"
"Jin Q","Morbidi"
"Insulae","Morbidi"
"Hendricks Amazonia","Morbidi"
"Hills Arbour","Morbidi"
"District Isola","Morbidi"
"Gunpowder Sardinia citrus","Morbidi"
"Tanqueray number 10","Morbidi"
"Pink pepper","Morbidi"
"District Brera","Morbidi"
"Gin verza","Morbidi"
"Copperhead (verde)","Morbidi"
"Whitney neill mela cotogna","Morbidi"
"Tenjaku","Morbidi"
"Tanqueray rangpur","Morbidi"
"Bobbies","Morbidi"
"Fred Jerbis 7","Morbidi"
"Tonka","Morbidi"
"Ferdinands","Morbidi"
"Windshield pepe","Morbidi"
"Madame geneva","Morbidi"
"Hendricks gran cabaret","Morbidi"
"Hanged man (l'appeso)","Morbidi"
"Roku Sakura","Morbidi"
"Gin mare","Morbidi"
"Caramello","Dolci"
"Mandarino","Dolci"
"Mela","Dolci"
"Lavanda","Dolci"
"Ananas","Dolci"
"Gelsomino","Dolci"
"Mango","Dolci"
"Caramello+caffè","Dolci"
"Fragola","Dolci"
"Frutto della passione","Dolci"
"Dragon fruit","Dolci"
"Vaniglia","Dolci"
"Violetta","Dolci"
"Sambuco","Dolci"
"Elephant sloe","Dolci"
"Cocomero","Dolci"
"Amarena","Dolci"
"Arancia","Dolci"
"Canella","Dolci"
"La Muerte Rossa","Dolci"
"Tanquery Royal","Dolci"
"Amaretto","Dolci"
"Nutellino","Dolci"
"Big Gino May chang","Dolci"
"Mirtillo","Dolci"
"Ribes","Dolci"
"Muerte bianca","Dolci"
"Brockmans orange","Dolci"
"Mela e zenzero","Dolci"
"La Muerte Verde","Dolci"
"Windspiel","Riserva"
"Elephant","Riserva"
"Beefeater borrough reserve","Riserva"
"Blue gin","Riserva"
"Major","Riserva"
"Windspiel 2020","Riserva"
"Madame Geneva Gin d'or","Riserva"
"Isle of harris","Secchi"
"Skin Gin tea kiss","Morbidi"
"Wild wombat","Morbidi"
"Brace","Morbidi"
"Evan-Evan","Morbidi"
"Acque verdi","Secchi"
"Magellan","Secchi"
"Gin8","Secchi"
"25K gold","Morbidi"
"Tanqueray Rosmarin & GrapeFruit","Morbidi"

