"gin","category"
"1870","Secchi"
"2.4","Secchi"
"8025","Secchi"
"Adler","Secchi"
"Alpingin","Secchi"
"Aviation","Secchi"
"Beefeater London Garden","Secchi"
"Black Woods","Secchi"
"Boodles","Secchi"
"Broken Bones","Secchi"
"Broken Bones Navy","Secchi"
"Carunn","Secchi"
"Colonel's Fox","Secchi"
"Echlinville","Secchi"
"Elephant","Secchi"
"Elephant Navy","Secchi"
"Fifty Pounds","Secchi"
"Filliers","Secchi"
"Five Continents","Secchi"
"Gadan","Secchi"
"Garden Swift","Secchi"
"Generous","Secchi"
"Geometrie","Secchi"
"Gias","Secchi"
"Gin Puro","Secchi"
"Ginarte","Secchi"
"Ginepraio Navy","Secchi"
"Ginotto","Secchi"
"Greedy","Secchi"
"Harahorn","Secchi"
"Hayman's","Secchi"
"Hayman's Navy","Secchi"
"Helsinki","Secchi"
"Highclere Castle","Secchi"
"Hokinawa","Secchi"
"Isle of Harris","Secchi"
"Karoon","Secchi"
"Laferty's","Secchi"
"L'Imperiale","Secchi"
"Los Apostoles","Secchi"
"Macaja","Secchi"
"Macaja Navy","Secchi"
"Magellan","Secchi"
"Major Dry","Secchi"
"Martin millers","Secchi"
"MayFair","Secchi"
"Mayfair al Tè","Secchi"
"Melagorai","Secchi"
"Merchant's choice","Secchi"
"Mayfair 6pm","Secchi"
"Nevaio","Secchi"
"Nikka","Secchi"
"Old Ray","Secchi"
"Oxley","Secchi"
"Peter in Florence","Secchi"
"Pilz","Secchi"
"Plymouth","Secchi"
"Plymouth Navy","Secchi"
"Ransbury","Secchi"
"Richmond","Secchi"
"Rivo","Secchi"
"Sakurau","Secchi"
"Sane","Secchi"
"Silent Pool","Secchi"
"Silent Pool Coronation Expression","Secchi"
"Silverback","Secchi"
"Sip Smith","Secchi"
"Solis","Secchi"
"Solo Wild","Secchi"
"Tanqueray Lovage","Secchi"
"The Botanical's","Secchi"
"The Botanist","Secchi"
"Trevisi","Secchi"
"Vitæ","Secchi"
"Whitney neill","Secchi"
"Z44","Secchi"
"Albicocca","Dolci"
"Amarena","Dolci"
"Amaretto","Dolci"
"Amuerte Bianca","Dolci"
"Amuerte Nera","Dolci"
"Amuerte Rossa","Dolci"
"Amuerte Verde","Dolci"
"Ananas","Dolci"
"Arancia","Dolci"
"Big Gino Exotic Passion","Dolci"
"Big Gino May Chang","Dolci"
"Bombay Brumble","Dolci"
"Brockmans","Dolci"
"Brokmans Agave Hut","Dolci"
"Brokmans Orange Kiss","Dolci"
"Caffè & caramello","Dolci"
"Cannella","Dolci"
"Caramello","Dolci"
"Cardamomo e pepe nero","Dolci"
"Cardamomo e Salvia","Dolci"
"Cocco e Ananas","Dolci"
"Cocomero","Dolci"
"Dragon Fruit","Dolci"
"Elephant Sloe","Dolci"
"Fragola","Dolci"
"Gelsomino","Dolci"
"Ibisco","Dolci"
"June Pesca","Dolci"
"Lavanda","Dolci"
"Limone","Dolci"
"Malfi Rosè (pompelmo)","Dolci"
"Mandarino","Dolci"
"Mango","Dolci"
"Mango e peperoncino","Dolci"
"Mela Verde","Dolci"
"Mirtillo","Dolci"
"Nutellino","Dolci"
"Orchidea e Cardamomo","Dolci"
"Papaya","Dolci"
"Passion Fruit","Dolci"
"Pepe Nero","Dolci"
"Quercia","Dolci"
"Ribes","Dolci"
"Sanbuco","Dolci"
"Vaniglia","Dolci"
"Violetta","Dolci"
"Violetta e pepe nero","Dolci"
"Zenzero","Dolci"
"25 K Gold","Morbidi"
"Adamus","Morbidi"
"Alkkemist","Morbidi"
"Ambrosia","Morbidi"
"Bareksen","Morbidi"
"Bathub Old Tom","Morbidi"
"Bloom","Morbidi"
"Bobby's","Morbidi"
"Bombay Sunset","Morbidi"
"Bosque","Morbidi"
"Bosque Navy","Morbidi"
"Brace","Morbidi"
"Clementine","Morbidi"
"Coppehead Nero","Morbidi"
"Copperhead","Morbidi"
"Copperhead Gibson","Morbidi"
"Crocodile","Morbidi"
"District Brera","Morbidi"
"District Isola","Morbidi"
"District Monte Napoleone","Morbidi"
"Elephant Orange Cacao","Morbidi"
"Engine","Morbidi"
"Fabbri","Morbidi"
"Ferdinans","Morbidi"
"Fred Jerbis 43","Morbidi"
"Fred Jerbis 7","Morbidi"
"Freitag","Morbidi"
"Gastro Gin","Morbidi"
"Gilbach","Morbidi"
"Gin Mare","Morbidi"
"Gin Mare Capri","Morbidi"
"Gin Pepe","Morbidi"
"Gin Sul","Morbidi"
"Gold 999.9","Morbidi"
"Gun powder","Morbidi"
"Gun Powder Sardinian Citrus","Morbidi"
"Hanged Man (appeso)","Morbidi"
"Hendrick's amazonia","Morbidi"
"Hendrick's Grand Cabaret","Morbidi"
"Hendrick's Flora","Morbidi"
"Hendrick's mid summer","Morbidi"
"Hendrick's Neptunia","Morbidi"
"Hendrick's Orbium","Morbidi"
"Hills and Harbour","Morbidi"
"Imber Gin","Morbidi"
"Imea","Morbidi"
"Insulae","Morbidi"
"J.Rose","Morbidi"
"Jey Gin","Morbidi"
"Jil Tornato","Morbidi"
"Knut Hansen","Morbidi"
"Linda&Lime","Morbidi"
"Lunar","Morbidi"
"Macaronesian","Morbidi"
"Magiantosa","Morbidi"
"Mahon","Morbidi"
"Maior","Morbidi"
"Major Gin","Morbidi"
"Mombasa","Morbidi"
"Nginious","Morbidi"
"Old School","Morbidi"
"Oslo","Morbidi"
"Pink Gin Angostura","Morbidi"
"Pink Pepper","Morbidi"
"Puerto","Morbidi"
"Roby Marton","Morbidi"
"Roku","Morbidi"
"Scapegrace","Morbidi"
"Seri Pervas","Morbidi"
"SevenOaks","Morbidi"
"Silent Pool Rare Citrus","Morbidi"
"Silent Pool rose expression","Morbidi"
"Sir Edmond","Morbidi"
"Skingin Tea Kiss","Morbidi"
"Soero","Morbidi"
"Tanqueray Rangpur","Morbidi"
"Tanquery n. 10","Morbidi"
"Tanquery Rosmarino","Morbidi"
"Tenjaku","Morbidi"
"Tokiiro Niigata","Morbidi"
"Tonka","Morbidi"
"Tribute","Morbidi"
"Vento","Morbidi"
"Whitney neill lemongrass e zenzero","Morbidi"
"Whitney Neill Oriental Spices","Morbidi"
"Whitney Neill Queens Mela Cotogna","Morbidi"
"Wild Wombat","Morbidi"
"Windpiel Caffè","Morbidi"
"Windspiel Pepe","Morbidi"
"Windspiel Premium Weinachts","Morbidi"
"X-gin","Morbidi"
"Beefeater Borrough's Reserve","Riserve"
"Blue Gin","Riserve"
"Elephant","Riserve"
"Madame Jeneva D'or","Riserve"
"Major","Riserve"
"Windspiel","Riserve"
"Windspiel Distillers Cut 2020","Riserve"